{ "compressionlevel":-1,
 "height":4,
 "infinite":false,
 "layers":[
        {
         "data":[131, 131, 131, 131, 131, 131, 131, 131, 131, 131, 131, 131, 131, 131, 131, 131, 131, 131, 131, 131, 131, 131, 131, 131],
         "height":4,
         "id":5,
         "name":"Boden",
         "opacity":1,
         "type":"tilelayer",
         "visible":true,
         "width":6,
         "x":0,
         "y":0
        }, 
        {
         "draworder":"topdown",
         "id":2,
         "name":"floorLayer",
         "objects":[],
         "opacity":1,
         "type":"objectgroup",
         "visible":true,
         "x":0,
         "y":0
        }, 
        {
         "data":[0, 0, 0, 0, 0, 0, 0, 0, 0, 0, 0, 0, 0, 0, 0, 0, 0, 0, 0, 254, 255, 255, 256, 0],
         "height":4,
         "id":6,
         "name":"Moebel",
         "opacity":1,
         "type":"tilelayer",
         "visible":true,
         "width":6,
         "x":0,
         "y":0
        }, 
        {
         "data":[0, 0, 0, 0, 0, 0, 0, 0, 0, 0, 0, 0, 0, 0, 0, 0, 0, 0, 0, 0, 1, 1, 0, 0],
         "height":4,
         "id":4,
         "name":"exit",
         "opacity":0,
         "properties":[
                {
                 "name":"exitUrl",
                 "type":"string",
                 "value":"zimmer.json#startSchrank"
                }],
         "type":"tilelayer",
         "visible":true,
         "width":6,
         "x":0,
         "y":0
        }, 
        {
         "data":[0, 0, 0, 0, 0, 0, 0, 0, 0, 0, 0, 0, 0, 0, 2, 2, 0, 0, 0, 0, 0, 0, 0, 0],
         "height":4,
         "id":1,
         "name":"start",
         "opacity":0,
         "properties":[
                {
                 "name":"startLayer",
                 "type":"bool",
                 "value":true
                }],
         "type":"tilelayer",
         "visible":true,
         "width":6,
         "x":0,
         "y":0
        }],
 "nextlayerid":7,
 "nextobjectid":1,
 "orientation":"orthogonal",
 "renderorder":"right-down",
 "tiledversion":"1.6.0",
 "tileheight":32,
 "tilesets":[
        {
         "columns":9,
         "firstgid":1,
         "image":"tilesets\/mapUtilities.png",
         "imageheight":32,
         "imagewidth":288,
         "margin":0,
         "name":"mapUtilities",
         "spacing":0,
         "tilecount":9,
         "tileheight":32,
         "tiles":[
                {
                 "id":3,
                 "properties":[
                        {
                         "name":"collides",
                         "type":"bool",
                         "value":true
                        }]
                }],
         "tilewidth":32
        }, 
        {
         "columns":56,
         "firstgid":10,
         "image":"tilesets\/Slates v.2 [32x32px orthogonal tileset by Ivan Voirol].png",
         "imageheight":736,
         "imagewidth":1792,
         "margin":0,
         "name":"Slates",
         "spacing":0,
         "tilecount":1288,
         "tileheight":32,
         "tilewidth":32
        }],
 "tilewidth":32,
 "type":"map",
 "version":"1.6",
 "width":6
}